{
  "project_info": {
    "project_number": "508795911513",
    "project_id": "examendefeu-a22",
    "storage_bucket": "examendefeu-a22.appspot.com"
  },
  "client": [
    {
      "client_info": {
        "mobilesdk_app_id": "1:508795911513:android:8e5a236474f1c0c314a048",
        "android_client_info": {
          "package_name": "cem.formatif.firebase_start"
        }
      },
      "oauth_client": [
        {
          "client_id": "508795911513-n93nu0oj73aeedlop1lara3jqoekn6f6.apps.googleusercontent.com",
          "client_type": 3
        }
      ],
      "api_key": [
        {
          "current_key": "AIzaSyDnFGXPOLiPbhtSFS-JosPPCBQmIQz0E38"
        }
      ],
      "services": {
        "appinvite_service": {
          "other_platform_oauth_client": [
            {
              "client_id": "508795911513-n93nu0oj73aeedlop1lara3jqoekn6f6.apps.googleusercontent.com",
              "client_type": 3
            }
          ]
        }
      }
    }
  ],
  "configuration_version": "1"
}