{
  "project_info": {
    "project_number": "863656492155",
    "project_id": "examen-final-d5bac",
    "storage_bucket": "examen-final-d5bac.appspot.com"
  },
  "client": [
    {
      "client_info": {
        "mobilesdk_app_id": "1:863656492155:android:235d84c85ef6f6af21f6de",
        "android_client_info": {
          "package_name": "com.example.final_a23"
        }
      },
      "oauth_client": [],
      "api_key": [
        {
          "current_key": "AIzaSyCjWWWa1YZDebEFRp-2Vg_thtme8uU1JKQ"
        }
      ],
      "services": {
        "appinvite_service": {
          "other_platform_oauth_client": []
        }
      }
    }
  ],
  "configuration_version": "1"
}